"Symbol","Name","LastSale","MarketCap","ADR TSO","IPOyear","Sector","Industry","Summary Quote",
"DDD","3D Systems Corporation","27.23","3044234842.39","n/a","n/a","Technology","Computer Software: Prepackaged Software","http://www.nasdaq.com/symbol/ddd",
"MMM","3M Company","158.99","101009030910.19","n/a","n/a","Health Care","Medical/Dental Instruments","http://www.nasdaq.com/symbol/mmm",
"WBAI","500.com Limited","17.2","602938380.4","n/a","2013","Consumer Services","Services-Misc. Amusement & Recreation","http://www.nasdaq.com/symbol/wbai",
"WUBA","58.com Inc.","79.42","6973327840.82","n/a","2013","Technology","Computer Software: Programming, Data Processing","http://www.nasdaq.com/symbol/wuba",
"AHC","A.H. Belo Corporation","7.52","163415555.84","n/a","n/a","Consumer Services","Newspapers/Magazines","http://www.nasdaq.com/symbol/ahc",
"ATEN","A10 Networks, Inc.","4.69","288642823.28","n/a","2014","Technology","Computer Communications Equipment","http://www.nasdaq.com/symbol/aten",
"AAC","AAC Holdings, Inc.","32.36","704829082.64","n/a","2014","Health Care","Medical Specialities","http://www.nasdaq.com/symbol/aac",
"AIR","AAR Corp.","30.14","1200057404.7","n/a","n/a","Capital Goods","Aerospace","http://www.nasdaq.com/symbol/air",
"AAN","Aaron&#39;s,  Inc.","32.8","2378988985.6","n/a","n/a","Technology","Diversified Commercial Services","http://www.nasdaq.com/symbol/aan",
"ABB","ABB Ltd","21.69","48995532866.25","n/a","n/a","Consumer Durables","Electrical Products","http://www.nasdaq.com/symbol/abb",
"ABT","Abbott Laboratories","48.32","72913808648.96","n/a","n/a","Health Care","Major Pharmaceuticals","http://www.nasdaq.com/symbol/abt",
"ABBV","AbbVie Inc.","66.07","105193064350.83","n/a","2012","Health Care","Major Pharmaceuticals","http://www.nasdaq.com/symbol/abbv",
"ANF","Abercrombie & Fitch Company","22.86","1589868788.76","n/a","n/a","Consumer Services","Clothing/Shoe/Accessory Stores","http://www.nasdaq.com/symbol/anf",
"GCH","Aberdeen Greater China Fund, Inc.","11.086","101982918.758","n/a","1992","n/a","n/a","http://www.nasdaq.com/symbol/gch",
"JEQ","Aberdeen Japan Equity Fund, Inc. ","8.4","114768217.2","n/a","1992","n/a","n/a","http://www.nasdaq.com/symbol/jeq",
"SGF","Aberdeen Singapore Fund, Inc.","11.96","92076882.56","n/a","1990","n/a","n/a","http://www.nasdaq.com/symbol/sgf",
"ABM","ABM Industries Incorporated","31.95","1788957052.2","n/a","n/a","Finance","Diversified Commercial Services","http://www.nasdaq.com/symbol/abm",
"AKR","Acadia Realty Trust","32.57","2238620163.17","n/a","n/a","Consumer Services","Real Estate Investment Trusts","http://www.nasdaq.com/symbol/akr",
"ACN","Accenture plc.","93.4","61000184646.8","n/a","2001","Miscellaneous","Business Services","http://www.nasdaq.com/symbol/acn",
"ACCO","Acco Brands Corporation","8.36","937729972.52","n/a","n/a","Consumer Durables","Publishing","http://www.nasdaq.com/symbol/acco",
"ACW","Accuride Corporation New","4.77","228012630.3","n/a","n/a","Capital Goods","Auto Parts:O.E.M.","http://www.nasdaq.com/symbol/acw",
"ACE","Ace Limited","108.51","35500797525.87","n/a","n/a","Finance","Property-Casualty Insurers","http://www.nasdaq.com/symbol/ace",
"ATV","Acorn International, Inc.","0.852","23500940.076","n/a","2007","Consumer Services","Other Specialty Stores","http://www.nasdaq.com/symbol/atv",
"ACT","Actavis, Inc.","295.41","82965762315.99","n/a","2013","Health Care","Major Pharmaceuticals","http://www.nasdaq.com/symbol/act",
"ACT^A","Actavis, Inc.","1033.93","0","n/a","n/a","n/a","n/a","http://www.nasdaq.com/symbol/act^a",
"ATU","Actuant Corporation","23.89","1422868929.65","n/a","n/a","Technology","Industrial Machinery/Components","http://www.nasdaq.com/symbol/atu",
"AYI","Acuity Brands Inc","167.74","7285182197.3","n/a","n/a","Consumer Durables","Building Products","http://www.nasdaq.com/symbol/ayi",
"ADX","Adams Diversified Equity Fund, Inc.","14.24","1324623910.08","n/a","n/a","n/a","n/a","http://www.nasdaq.com/symbol/adx",
"PEO","Adams Natural Resources Fund, Inc.","24.71","633921854.86","n/a","n/a","n/a","n/a","http://www.nasdaq.com/symbol/peo",
"AGRO","Adecoagro S.A.","10.17","1244614770","n/a","2011","Consumer Non-Durables","Farming/Seeds/Milling","http://www.nasdaq.com/symbol/agro",
"ADPT","Adeptus Health Inc.","63.78","1314108386.82","n/a","2014","Health Care","Hospital/Nursing Management","http://www.nasdaq.com/symbol/adpt",
"ADT","ADT Corporation","40.94","7006971845.86","n/a","n/a","Consumer Services","Diversified Commercial Services","http://www.nasdaq.com/symbol/adt",
"AAP","Advance Auto Parts Inc","148.61","10871655647.93","n/a","n/a","Consumer Services","Other Specialty Stores","http://www.nasdaq.com/symbol/aap",
"WMS","Advanced Drainage Systems, Inc.","28.85","1536538767.6","n/a","2014","Capital Goods","Containers/Packaging","http://www.nasdaq.com/symbol/wms",
"ASX","Advanced Semiconductor Engineering, Inc.","7.33","11531860554.17","n/a","n/a","Technology","Semiconductors","http://www.nasdaq.com/symbol/asx",
"AAV","Advantage Oil & Gas Ltd","5.97","1016734443.69","n/a","n/a","Energy","Oil & Gas Production","http://www.nasdaq.com/symbol/aav",
"ATE","Advantest Corporation (Kabushiki Kaisha Advantest) ADS","12.99","2263841706.72","n/a","n/a","Technology","Semiconductors","http://www.nasdaq.com/symbol/ate",
"AVK","Advent Claymore Convertible Securities and Income Fund","17.35","409128198.6","n/a","2003","n/a","n/a","http://www.nasdaq.com/symbol/avk",
"AGC","Advent Claymore Convertible Securities and Income Fund II","6.9099","222780151.128","n/a","2007","n/a","n/a","http://www.nasdaq.com/symbol/agc",
"LCM","Advent/Claymore Enhanced Growth & Income Fund","9.74","132493463.5","n/a","2005","n/a","n/a","http://www.nasdaq.com/symbol/lcm",
"ACM","AECOM","33.18","5158679545.32","n/a","2007","Consumer Services","Military/Government/Technical","http://www.nasdaq.com/symbol/acm",
"ANW","Aegean Marine Petroleum Network Inc.","15.38","742049426.06","n/a","2006","Energy","Oil Refining/Marketing","http://www.nasdaq.com/symbol/anw",
"AEB","Aegon NV","24.55","0","n/a","n/a","Finance","Life Insurance","http://www.nasdaq.com/symbol/aeb",
"AED","Aegon NV","25.96","0","n/a","n/a","Finance","Life Insurance","http://www.nasdaq.com/symbol/aed",
"AEG","Aegon NV","7.73","20685140196.93","n/a","n/a","Finance","Life Insurance","http://www.nasdaq.com/symbol/aeg",
"AEH","Aegon NV","25.63","0","n/a","n/a","Finance","Life Insurance","http://www.nasdaq.com/symbol/aeh",
"AEK","Aegon NV","28.565","0","n/a","n/a","Finance","Life Insurance","http://www.nasdaq.com/symbol/aek",
"AER","Aercap Holdings N.V.","46.86","9949235116.26","n/a","2006","Technology","Diversified Commercial Services","http://www.nasdaq.com/symbol/aer",
"HIVE","Aerohive Networks, Inc.","5.25","244753535.25","n/a","2014","Technology","EDP Services","http://www.nasdaq.com/symbol/hive",
"ARO","Aeropostale Inc","3.5","277073373.5","n/a","2002","Consumer Services","Clothing/Shoe/Accessory Stores","http://www.nasdaq.com/symbol/aro",
"AET","Aetna Inc.","108.82","37990757306.78","n/a","n/a","Health Care","Medical Specialities","http://www.nasdaq.com/symbol/aet",
"AFM","Affiliated Managers Group, Inc.","25.41","0","n/a","n/a","Finance","Investment Managers","http://www.nasdaq.com/symbol/afm",
"AMG","Affiliated Managers Group, Inc.","222.35","12163857087.35","n/a","n/a","Finance","Investment Managers","http://www.nasdaq.com/symbol/amg",
"MGR","Affiliated Managers Group, Inc.","26.52","0","n/a","2012","Finance","Investment Managers","http://www.nasdaq.com/symbol/mgr",
"AFL","Aflac Incorporated","64.19","28173193647.83","n/a","n/a","Finance","Accident &Health Insurance","http://www.nasdaq.com/symbol/afl",
"AFSD","Aflac Incorporated","25.23","0","n/a","n/a","Finance","Accident &Health Insurance","http://www.nasdaq.com/symbol/afsd",
"MITT","AG Mortgage Investment Trust, Inc.","19.49","553274616.35","n/a","2011","n/a","n/a","http://www.nasdaq.com/symbol/mitt",
"MITT^A","AG Mortgage Investment Trust, Inc.","25.5","0","n/a","n/a","n/a","n/a","http://www.nasdaq.com/symbol/mitt^a",
"MITT^B","AG Mortgage Investment Trust, Inc.","25.2","0","n/a","n/a","n/a","n/a","http://www.nasdaq.com/symbol/mitt^b",
"AGCO","AGCO Corporation","48.31","4272646160.32","n/a","n/a","Capital Goods","Industrial Machinery/Components","http://www.nasdaq.com/symbol/agco",
"A","Agilent Technologies, Inc.","42.49","14268579519.53","n/a","1999","Capital Goods","Electrical Products","http://www.nasdaq.com/symbol/a",
"GAS","AGL Resources, Inc.","51.47","6165708651.6","n/a","n/a","Public Utilities","Oil/Gas Transmission","http://www.nasdaq.com/symbol/gas",
"AEM","Agnico Eagle Mines Limited","29.82","6438555688.74","n/a","n/a","Basic Industries","Precious Metals","http://www.nasdaq.com/symbol/aem",
"ADC","Agree Realty Corporation","31.65","557601692.55","n/a","n/a","Consumer Services","Real Estate Investment Trusts","http://www.nasdaq.com/symbol/adc",
"GRO","Agria Corporation","1.22","67567626","n/a","2007","Consumer Non-Durables","Farming/Seeds/Milling","http://www.nasdaq.com/symbol/gro",
"AGU","Agrium Inc.","105.16","15115775061.64","n/a","n/a","Basic Industries","Agricultural Chemicals","http://www.nasdaq.com/symbol/agu",
"AL","Air Lease Corporation","38.75","3974142998.75","n/a","2011","Technology","Diversified Commercial Services","http://www.nasdaq.com/symbol/al",
"APD","Air Products and Chemicals, Inc.","150.06","32153963192.7","n/a","n/a","Basic Industries","Major Chemicals","http://www.nasdaq.com/symbol/apd",
"AYR","Aircastle Limited","24.01","1949159003.33","n/a","2006","Technology","Diversified Commercial Services","http://www.nasdaq.com/symbol/ayr",
"ARG","Airgas, Inc.","105.51","7925768444.97","n/a","n/a","Capital Goods","Industrial Machinery/Components","http://www.nasdaq.com/symbol/arg",
"AKS","AK Steel Holding Corporation","4.99","887159325.6","n/a","n/a","Basic Industries","Steel/Iron Ore","http://www.nasdaq.com/symbol/aks",
"ALP^N/CL","Alabama Power Company","25.14","0","n/a","n/a","n/a","n/a","http://www.nasdaq.com/symbol/alp^n/cl",
"ALP^O","Alabama Power Company","26.39","0","n/a","n/a","Public Utilities","Electric Utilities: Central","http://www.nasdaq.com/symbol/alp^o",
"ALP^P/CL","Alabama Power Company","25.15","0","n/a","n/a","n/a","n/a","http://www.nasdaq.com/symbol/alp^p/cl",
"ALG","Alamo Group, Inc.","63.46","719140967.78","n/a","n/a","Capital Goods","Industrial Machinery/Components","http://www.nasdaq.com/symbol/alg",
"AGI","Alamos Gold Inc","6.71","854568731.06","n/a","n/a","Basic Industries","Precious Metals","http://www.nasdaq.com/symbol/agi",
"ALK","Alaska Air Group, Inc.","68.3","8938384322.9","n/a","n/a","Transportation","Air Freight/Delivery Services","http://www.nasdaq.com/symbol/alk",
"AIN","Albany International Corporation","40.49","1287582000","n/a","n/a","Basic Industries","Textiles","http://www.nasdaq.com/symbol/ain",
"ALB","Albemarle Corporation","59","6618612153","n/a","n/a","Basic Industries","Major Chemicals","http://www.nasdaq.com/symbol/alb",
"ALU","Alcatel Lucent","3.96","11168911789.2","n/a","n/a","Public Utilities","Telecommunications Equipment","http://www.nasdaq.com/symbol/alu",
"AA","Alcoa Inc.","13.22","16158487490.54","n/a","n/a","Capital Goods","Metal Fabrications","http://www.nasdaq.com/symbol/aa",
"AA^B","Alcoa Inc.","44.9499","0","n/a","n/a","n/a","n/a","http://www.nasdaq.com/symbol/aa^b",
"ALR","Alere Inc.","49.97","4221803497.14","n/a","n/a","Health Care","Biotechnology: In Vitro & In Vivo Diagnostic Substances","http://www.nasdaq.com/symbol/alr",
"ALR^B","Alere Inc.","340","0","n/a","n/a","n/a","n/a","http://www.nasdaq.com/symbol/alr^b",
"ALEX","Alexander & Baldwin Holdings, Inc.","41.52","2027463036.96","n/a","n/a","Finance","Real Estate","http://www.nasdaq.com/symbol/alex",
"ALX","Alexander&#39;s, Inc.","444.79","2271184918.84","n/a","n/a","Consumer Services","Real Estate Investment Trusts","http://www.nasdaq.com/symbol/alx",
"ARE","Alexandria Real Estate Equities, Inc.","94.26","6790056049.92","n/a","n/a","Consumer Services","Real Estate Investment Trusts","http://www.nasdaq.com/symbol/are",
"ARE^E","Alexandria Real Estate Equities, Inc.","26.165","0","n/a","n/a","n/a","n/a","http://www.nasdaq.com/symbol/are^e",
"BABA","Alibaba Group Holding Limited","84.57","210352162570.56","n/a","2014","Miscellaneous","Business Services","http://www.nasdaq.com/symbol/baba",
"Y","Alleghany Corporation","477","7635297978","n/a","n/a","Finance","Property-Casualty Insurers","http://www.nasdaq.com/symbol/y",
"ATI","Allegheny Technologies Incorporated","34.61","3779566533.65","n/a","n/a","Basic Industries","Steel/Iron Ore","http://www.nasdaq.com/symbol/ati",
"ALLE","Allegion plc","60.96","5852716991.52","n/a","2013","Consumer Services","Diversified Commercial Services","http://www.nasdaq.com/symbol/alle",
"ALE","Allete, Inc.","51.54","2492962741.5","n/a","n/a","Public Utilities","Power Generation","http://www.nasdaq.com/symbol/ale",
"AKP","Alliance California Municipal Income Fund Inc","14.12","120775928.32","n/a","2002","n/a","n/a","http://www.nasdaq.com/symbol/akp",
"ADS","Alliance Data Systems Corporation","307.44","19133319033.36","n/a","2001","Miscellaneous","Business Services","http://www.nasdaq.com/symbol/ads",
"AFB","Alliance National Municipal Income Fund Inc","13.43","385936943.04","n/a","2002","n/a","n/a","http://www.nasdaq.com/symbol/afb",
"AYN","Alliance New York Municipal Income Fund Inc","13.99","67659291.39","n/a","2002","n/a","n/a","http://www.nasdaq.com/symbol/ayn",
"AOI","Alliance One International, Inc.","1.48","131102986.52","n/a","n/a","Consumer Services","Farming/Seeds/Milling","http://www.nasdaq.com/symbol/aoi",
"AWF","Alliance World Dollar Government Fund II","12.629","1087012052.526","n/a","1993","n/a","n/a","http://www.nasdaq.com/symbol/awf",
"ACG","ALLIANCEBERNSTEIN INCOME FUND INC","7.84","1904427704.48","n/a","n/a","n/a","n/a","http://www.nasdaq.com/symbol/acg",
"AB","Allianceberstein Holding L.P.","31.69","3189820298.31","n/a","n/a","Finance","Investment Managers","http://www.nasdaq.com/symbol/ab",
"LNT","Alliant Energy Corporation","63.33","7040194963.92","n/a","n/a","Public Utilities","Power Generation","http://www.nasdaq.com/symbol/lnt",
"NCV","AllianzGI Convertible & Income Fund","9.16","703076010.68","n/a","2003","n/a","n/a","http://www.nasdaq.com/symbol/ncv",
"NCZ","AllianzGI Convertible & Income Fund II","8.39","617773562.31","n/a","2003","n/a","n/a","http://www.nasdaq.com/symbol/ncz",
"NIE","AllianzGI Equity & Convertible Income Fund","20.317","562963041.905","n/a","2007","n/a","n/a","http://www.nasdaq.com/symbol/nie",
"NFJ","AllianzGI NFJ Dividend, Interest & Premium Strategy Fund","16.35","1545472713.75","n/a","2005","Finance","Finance: Consumer Services","http://www.nasdaq.com/symbol/nfj",
"AWH","Allied World Assurance Company Holdings, AG","41.69","4007501319.69","n/a","2006","Finance","Property-Casualty Insurers","http://www.nasdaq.com/symbol/awh",
"ALSN","Allison Transmission Holdings, Inc.","31.94","5760437098.86","n/a","2012","Capital Goods","Auto Parts:O.E.M.","http://www.nasdaq.com/symbol/alsn",
"ALL","Allstate Corporation (The)","70.95","29009954620.35","n/a","n/a","Finance","Property-Casualty Insurers","http://www.nasdaq.com/symbol/all",
"ALL^A","Allstate Corporation (The)","25.73","0","n/a","n/a","n/a","n/a","http://www.nasdaq.com/symbol/all^a",
"ALL^B","Allstate Corporation (The)","26.3","0","n/a","n/a","n/a","n/a","http://www.nasdaq.com/symbol/all^b",
"ALL^C","Allstate Corporation (The)","27.37","0","n/a","n/a","n/a","n/a","http://www.nasdaq.com/symbol/all^c",
"ALL^D","Allstate Corporation (The)","26.96","0","n/a","n/a","n/a","n/a","http://www.nasdaq.com/symbol/all^d",
"ALL^E","Allstate Corporation (The)","27.13","0","n/a","n/a","n/a","n/a","http://www.nasdaq.com/symbol/all^e",
"ALL^F","Allstate Corporation (The)","26.4","0","n/a","n/a","n/a","n/a","http://www.nasdaq.com/symbol/all^f",
"ALLY","Ally Financial Inc.","19.95","9605950236.75","n/a","2014","Finance","Finance: Consumer Services","http://www.nasdaq.com/symbol/ally",
"ALLY^A","Ally Financial Inc.","26.31","0","n/a","n/a","n/a","n/a","http://www.nasdaq.com/symbol/ally^a",
"ALLY^B","Ally Financial Inc.","26.99","0","n/a","n/a","n/a","n/a","http://www.nasdaq.com/symbol/ally^b",
"BSI","Alon Blue Square Israel Ltd.","2.602","171613419.054","n/a","n/a","Consumer Services","Department/Specialty Retail Stores","http://www.nasdaq.com/symbol/bsi",
"ALJ","Alon USA Energy, Inc.","16.83","1174268970.27","n/a","2005","Energy","Integrated oil Companies","http://www.nasdaq.com/symbol/alj",
"ALDW","Alon USA Partners, LP","20.26","1266382703","n/a","2012","Energy","Integrated oil Companies","http://www.nasdaq.com/symbol/aldw",
"ANR","Alpha Natural Resources, inc.","0.8331","184621751.4312","n/a","2005","Energy","Coal Mining","http://www.nasdaq.com/symbol/anr",
"AGD","Alpine Global Dynamic Dividend Fund","10.56","133088545.92","n/a","2006","n/a","n/a","http://www.nasdaq.com/symbol/agd",
"AWP","Alpine Global Premier Properties Fund","7","601695983","n/a","2007","n/a","n/a","http://www.nasdaq.com/symbol/awp",
"AOD","Alpine Total Dynamic Dividend Fund","9.08","987384914.56","n/a","2007","n/a","n/a","http://www.nasdaq.com/symbol/aod",
"RESI","Altisource Residential Corporation","19.19","1097729619.09","n/a","n/a","Finance","Real Estate","http://www.nasdaq.com/symbol/resi",
"MO","Altria Group","52.07","102542331711.98","n/a","n/a","Consumer Non-Durables","Farming/Seeds/Milling","http://www.nasdaq.com/symbol/mo",
"ACH","Aluminum Corporation of China Limited","16.78","9077636261.7","n/a","2001","Basic Industries","Aluminum","http://www.nasdaq.com/symbol/ach",
"AMBR","Amber Road, Inc.","9.02","234775852.3","n/a","2014","Technology","Computer Software: Prepackaged Software","http://www.nasdaq.com/symbol/ambr",
"ABEV","Ambev S.A.","6.4","100583879136","n/a","2013","Consumer Non-Durables","Beverages (Production/Distribution)","http://www.nasdaq.com/symbol/abev",
"AMC","AMC Entertainment Holdings, Inc.","32.87","3201618827.33","n/a","2013","Consumer Services","Movies/Entertainment","http://www.nasdaq.com/symbol/amc",
"AMFW","Amec Plc Ord","14.12","5491837459.6","n/a","2014","Consumer Services","Military/Government/Technical","http://www.nasdaq.com/symbol/amfw",
"AEE","Ameren Corporation","42.32","10268304651.36","n/a","n/a","Public Utilities","Power Generation","http://www.nasdaq.com/symbol/aee",
"AMRC","Ameresco, Inc.","7.18","333261796.56","n/a","2010","Basic Industries","Engineering & Construction","http://www.nasdaq.com/symbol/amrc",
"AMX","America Movil, S.A.B. de C.V.","22.01","74312363000","n/a","n/a","Public Utilities","Telecommunications Equipment","http://www.nasdaq.com/symbol/amx",
"AAT","American Assets Trust, Inc.","41.49","1807609973.85","n/a","2011","Consumer Services","Real Estate Investment Trusts","http://www.nasdaq.com/symbol/aat",
"AXL","American Axle & Manufacturing Holdings, Inc.","24.23","1835888660.97","n/a","n/a","Capital Goods","Auto Parts:O.E.M.","http://www.nasdaq.com/symbol/axl",
"ACC","American Campus Communities Inc","42.21","4740235762.5","n/a","2004","Consumer Services","Real Estate Investment Trusts","http://www.nasdaq.com/symbol/acc",
"AEO","American Eagle Outfitters, Inc.","17.15","3344628551.95","n/a","n/a","Consumer Services","Clothing/Shoe/Accessory Stores","http://www.nasdaq.com/symbol/aeo",
"AEP","American Electric Power Company, Inc.","57.88","28339237318.24","n/a","n/a","Public Utilities","Electric Utilities: Central","http://www.nasdaq.com/symbol/aep",
"AEL","American Equity Investment Life Holding Company","28.97","2227139089.16","n/a","2003","Finance","Life Insurance","http://www.nasdaq.com/symbol/ael",
"AXP","American Express Company","77.99","79210600588.68","n/a","n/a","Finance","Finance: Consumer Services","http://www.nasdaq.com/symbol/axp",
"AFA","American Financial Group, Inc.","25.8892","0","n/a","2012","Finance","Property-Casualty Insurers","http://www.nasdaq.com/symbol/afa",
"AFG","American Financial Group, Inc.","64.93","5701882166.55","n/a","n/a","Finance","Property-Casualty Insurers","http://www.nasdaq.com/symbol/afg",
"AFGE","American Financial Group, Inc.","26.83","0","n/a","2014","Finance","Property-Casualty Insurers","http://www.nasdaq.com/symbol/afge",
"AFQ","American Financial Group, Inc.","25.83","0","n/a","n/a","Finance","Property-Casualty Insurers","http://www.nasdaq.com/symbol/afq",
"AFW","American Financial Group, Inc.","26.72","0","n/a","n/a","Finance","Property-Casualty Insurers","http://www.nasdaq.com/symbol/afw",
"AMH","American Homes 4 Rent","17.2","3626655930.8","n/a","2013","Consumer Services","Real Estate Investment Trusts","http://www.nasdaq.com/symbol/amh",
"AMH^A","American Homes 4 Rent","25.73","0","n/a","n/a","Consumer Services","Real Estate Investment Trusts","http://www.nasdaq.com/symbol/amh^a",
"AMH^B","American Homes 4 Rent","25.61","0","n/a","n/a","n/a","n/a","http://www.nasdaq.com/symbol/amh^b",
"AMH^C","American Homes 4 Rent","25.89","0","n/a","n/a","n/a","n/a","http://www.nasdaq.com/symbol/amh^c",
"AIG","American International Group, Inc.","56.99","77162728358.85","n/a","n/a","Finance","Property-Casualty Insurers","http://www.nasdaq.com/symbol/aig",
"AIG/WS","American International Group, Inc.","23.92","0","n/a","n/a","n/a","n/a","http://www.nasdaq.com/symbol/aig/ws",
"AMID","American Midstream Partners, LP","18.31","416625263.94","n/a","2011","Public Utilities","Natural Gas Distribution","http://www.nasdaq.com/symbol/amid",
"ARL","American Realty Investors, Inc.","4.81","67472847.39","n/a","n/a","Finance","Real Estate","http://www.nasdaq.com/symbol/arl",
"ARPI","American Residential Properties, Inc.","19.13","615895706.4","n/a","2013","Consumer Services","Real Estate Investment Trusts","http://www.nasdaq.com/symbol/arpi",
"AWR","American States Water Company","39.92","1516052977.68","n/a","n/a","Public Utilities","Water Supply","http://www.nasdaq.com/symbol/awr",
"AMT","American Tower Corporation (REIT)","95.32","40278289183.52","n/a","n/a","Consumer Services","Real Estate Investment Trusts","http://www.nasdaq.com/symbol/amt",
"AMT^A","American Tower Corporation (REIT)","105.64","0","n/a","n/a","n/a","n/a","http://www.nasdaq.com/symbol/amt^a",
"AMT^B","American Tower Corporation (REIT)","103.78","0","n/a","n/a","n/a","n/a","http://www.nasdaq.com/symbol/amt^b",
"AVD","American Vanguard Corporation","10.89","317729035.8","n/a","n/a","Basic Industries","Agricultural Chemicals","http://www.nasdaq.com/symbol/avd",
"AWK","American Water Works","55.45","9975844868.95","n/a","2008","Public Utilities","Water Supply","http://www.nasdaq.com/symbol/awk",
"APU","AmeriGas Partners, L.P.","48.17","4474454892.93","n/a","n/a","Consumer Services","Other Specialty Stores","http://www.nasdaq.com/symbol/apu",
"AMP","AMERIPRISE FINANCIAL SERVICES, INC.","127.75","23290304472.75","n/a","n/a","Finance","Investment Managers","http://www.nasdaq.com/symbol/amp",
"ABC","AmerisourceBergen Corporation (Holding Co)","115.48","25359985053.56","n/a","n/a","Health Care","Other Pharmaceuticals","http://www.nasdaq.com/symbol/abc",
"ANFI","Amira Nature Foods Ltd","8.95","256687467.8","n/a","2012","Consumer Non-Durables","Packaged Foods","http://www.nasdaq.com/symbol/anfi",
"AHS","AMN Healthcare Services Inc","24.28","1146034379.96","n/a","2001","Technology","Professional Services","http://www.nasdaq.com/symbol/ahs",
"AP","Ampco-Pittsburgh Corporation","16.66","173691562.24","n/a","n/a","Capital Goods","Fluid Controls","http://www.nasdaq.com/symbol/ap",
"APH","Amphenol Corporation","56.17","17439298404.78","n/a","n/a","Capital Goods","Electrical Products","http://www.nasdaq.com/symbol/aph",
"AXR","AMREP Corporation","5.19","41812996.26","n/a","n/a","Consumer Services","Newspapers/Magazines","http://www.nasdaq.com/symbol/axr",
"AME","AMTEK, Inc.","52.33","12634015991.68","n/a","n/a","Consumer Durables","Metal Fabrications","http://www.nasdaq.com/symbol/ame",
"AFSI^A","AmTrust Financial Services, Inc.","25.02","0","n/a","n/a","n/a","n/a","http://www.nasdaq.com/symbol/afsi^a",
"AFSI^B","AmTrust Financial Services, Inc.","25.36","0","n/a","n/a","n/a","n/a","http://www.nasdaq.com/symbol/afsi^b",
"AFSI^C","AmTrust Financial Services, Inc.","25.7401","0","n/a","n/a","n/a","n/a","http://www.nasdaq.com/symbol/afsi^c",
"AFSI^D","AmTrust Financial Services, Inc.","25.54","0","n/a","n/a","n/a","n/a","http://www.nasdaq.com/symbol/afsi^d",
"APC","Anadarko Petroleum Corporation","92.65","47758983333.6","n/a","n/a","Energy","Oil & Gas Production","http://www.nasdaq.com/symbol/apc",
"AU","AngloGold Ashanti Limited","10.65","4302710334","n/a","n/a","Basic Industries","Precious Metals","http://www.nasdaq.com/symbol/au",
"BUD","Anheuser-Busch Inbev SA","123.72","198971719540.32","n/a","n/a","Consumer Non-Durables","Beverages (Production/Distribution)","http://www.nasdaq.com/symbol/bud",
"AXE","Anixter International Inc.","73.52","2416271854.08","n/a","n/a","Consumer Non-Durables","Telecommunications Equipment","http://www.nasdaq.com/symbol/axe",
"ANN","ANN INC.","38.58","1772268827.16","n/a","n/a","Consumer Services","Clothing/Shoe/Accessory Stores","http://www.nasdaq.com/symbol/ann",
"NLY","Annaly Capital Management Inc","10.25","9713676939.75","n/a","n/a","Consumer Services","Real Estate Investment Trusts","http://www.nasdaq.com/symbol/nly",
"NLY^A","Annaly Capital Management Inc","25.3684","0","n/a","n/a","n/a","n/a","http://www.nasdaq.com/symbol/nly^a",
"NLY^C","Annaly Capital Management Inc","25.58","0","n/a","n/a","n/a","n/a","http://www.nasdaq.com/symbol/nly^c",
"NLY^D","Annaly Capital Management Inc","25.3299","0","n/a","n/a","n/a","n/a","http://www.nasdaq.com/symbol/nly^d",
"AM","Antero Midstream Partners LP","25.05","3804641945.7","n/a","2014","Public Utilities","Natural Gas Distribution","http://www.nasdaq.com/symbol/am",
"AR","Antero Resources Corporation","42.56","11789074716.16","n/a","2013","Energy","Oil & Gas Production","http://www.nasdaq.com/symbol/ar",
"ANTM","Anthem, Inc.","154.28","41036187862.04","n/a","n/a","Health Care","Medical Specialities","http://www.nasdaq.com/symbol/antm",
"ANH","Anworth Mortgage Asset  Corporation","5.24","556795802.84","n/a","n/a","Consumer Services","Real Estate Investment Trusts","http://www.nasdaq.com/symbol/anh",
"ANH^A","Anworth Mortgage Asset  Corporation","25.4278","0","n/a","n/a","n/a","n/a","http://www.nasdaq.com/symbol/anh^a",
"ANH^B","Anworth Mortgage Asset  Corporation","23.43","0","n/a","n/a","n/a","n/a","http://www.nasdaq.com/symbol/anh^b",
"ANH^C","Anworth Mortgage Asset  Corporation","24.45","0","n/a","n/a","n/a","n/a","http://www.nasdaq.com/symbol/anh^c",
"AOL","AOL Inc.","40.79","3195032608.59","n/a","n/a","Technology","EDP Services","http://www.nasdaq.com/symbol/aol",
"AON","Aon plc","97.84","27419711072.48","n/a","n/a","Finance","Specialty Insurers","http://www.nasdaq.com/symbol/aon",
"APA","Apache Corporation","66.32","24993076656","n/a","n/a","Energy","Oil & Gas Production","http://www.nasdaq.com/symbol/apa",
"AIV","Apartment Investment and Management Company","38.68","6044823834.16","n/a","1994","Consumer Services","Real Estate Investment Trusts","http://www.nasdaq.com/symbol/aiv",
"AIV^A","Apartment Investment and Management Company","27.2501","0","n/a","n/a","n/a","n/a","http://www.nasdaq.com/symbol/aiv^a",
"AIV^Z","Apartment Investment and Management Company","25.95","0","n/a","n/a","n/a","n/a","http://www.nasdaq.com/symbol/aiv^z",
"ARI","Apollo Commercial Real Estate Finance","17.28","983239637.76","n/a","2009","Consumer Services","Real Estate Investment Trusts","http://www.nasdaq.com/symbol/ari",
"ARI^A","Apollo Commercial Real Estate Finance","26.34","0","n/a","n/a","n/a","n/a","http://www.nasdaq.com/symbol/ari^a",
"APO","Apollo Global Management, LLC","22.02","8600569331.94","n/a","2011","Finance","Investment Managers","http://www.nasdaq.com/symbol/apo",
"AIB","Apollo Investment Corporation","25.57","0","n/a","n/a","n/a","n/a","http://www.nasdaq.com/symbol/aib",
"AIY","Apollo Investment Corporation","25.78","0","n/a","2013","n/a","n/a","http://www.nasdaq.com/symbol/aiy",
"AMTG","Apollo Residential Mortgage, Inc.","16.09","516296644.05","n/a","2011","Consumer Services","Real Estate Investment Trusts","http://www.nasdaq.com/symbol/amtg",
"AMTG^A","Apollo Residential Mortgage, Inc.","24.89","0","n/a","n/a","n/a","n/a","http://www.nasdaq.com/symbol/amtg^a",
"AFT","Apollo Senior Floating Rate Fund Inc.","18.32","285298477.52","n/a","2011","n/a","n/a","http://www.nasdaq.com/symbol/aft",
"AIF","Apollo Tactical Income Fund Inc.","16.5436","239287060.5336","n/a","2013","n/a","n/a","http://www.nasdaq.com/symbol/aif",
"AIT","Applied Industrial Technologies, Inc.","41.8","1718750833.8","n/a","n/a","Consumer Durables","Industrial Specialties","http://www.nasdaq.com/symbol/ait",
"ATR","AptarGroup, Inc.","63.29","3955463610.5","n/a","n/a","Consumer Non-Durables","Plastic Products","http://www.nasdaq.com/symbol/atr",
"WTR","Aqua America, Inc.","27.34","4840046896.72","n/a","n/a","Public Utilities","Water Supply","http://www.nasdaq.com/symbol/wtr",
"ARMK","Aramark","31.66","7520826541.36","n/a","2013","Consumer Services","Restaurants","http://www.nasdaq.com/symbol/armk",
"ABR","Arbor Realty Trust","7","356601014","n/a","2004","Consumer Services","Real Estate Investment Trusts","http://www.nasdaq.com/symbol/abr",
"ABR^A","Arbor Realty Trust","25.32","0","n/a","n/a","n/a","n/a","http://www.nasdaq.com/symbol/abr^a",
"ABR^B","Arbor Realty Trust","25.08","0","n/a","n/a","n/a","n/a","http://www.nasdaq.com/symbol/abr^b",
"ABR^C","Arbor Realty Trust","25.9369","0","n/a","n/a","n/a","n/a","http://www.nasdaq.com/symbol/abr^c",
"ABRN","Arbor Realty Trust","25.3999","0","n/a","2014","Consumer Services","Real Estate Investment Trusts","http://www.nasdaq.com/symbol/abrn",
"ARC","ARC Document Solutions, Inc.","9.01","421995126.07","n/a","2004","Consumer Services","Professional Services","http://www.nasdaq.com/symbol/arc",
"ARCX","Arc Logistic Partners LP","19.35","250563749.85","n/a","2013","Energy","Oil Refining/Marketing","http://www.nasdaq.com/symbol/arcx",
"MT","ArcelorMittal","10.49","17469964408.78","n/a","n/a","Basic Industries","Steel/Iron Ore","http://www.nasdaq.com/symbol/mt",
"MTCN","ArcelorMittal","16.69","0","n/a","n/a","Basic Industries","Steel/Iron Ore","http://www.nasdaq.com/symbol/mtcn",
"ARH^C","Arch Capital Group Ltd.","26.71","0","n/a","n/a","n/a","n/a","http://www.nasdaq.com/symbol/arh^c",
"ACI","Arch Coal, Inc.","1.03","219073877.55","n/a","n/a","Energy","Coal Mining","http://www.nasdaq.com/symbol/aci",
"ADM","Archer-Daniels-Midland Company","48.21","30321001763.82","n/a","n/a","Consumer Non-Durables","Packaged Foods","http://www.nasdaq.com/symbol/adm",
"ARCO","Arcos Dorados Holdings Inc.","6.16","1294928853.68","n/a","2011","Consumer Services","Restaurants","http://www.nasdaq.com/symbol/arco",
"ASC","Ardmore Shipping Corporation","11.71","304232826","n/a","2013","Transportation","Marine Transportation","http://www.nasdaq.com/symbol/asc",
"AFC","Ares Capital Corporation","25.45","203600000","n/a","n/a","n/a","n/a","http://www.nasdaq.com/symbol/afc",
"ARU","Ares Capital Corporation","25.395","0","n/a","n/a","n/a","n/a","http://www.nasdaq.com/symbol/aru",
"ARY","Ares Capital Corporation","25.71","0","n/a","n/a","n/a","n/a","http://www.nasdaq.com/symbol/ary",
"ACRE","Ares Commercial Real Estate Corporation","11.53","329574615.35","n/a","2012","Consumer Services","Real Estate Investment Trusts","http://www.nasdaq.com/symbol/acre",
"ARDC","Ares Dynamic Credit Allocation Fund, Inc.","16.4","281522596.8","n/a","2012","n/a","n/a","http://www.nasdaq.com/symbol/ardc",
"ARES","Ares Management L.P.","18.24","3858240186.24","n/a","2014","Finance","Investment Managers","http://www.nasdaq.com/symbol/ares",
"ARMF","Ares Multi-Strategy Credit Fund, Inc.","20.1","345036841.2","n/a","2013","n/a","n/a","http://www.nasdaq.com/symbol/armf",
"AGX","Argan, Inc.","32.57","476546359.07","n/a","n/a","Basic Industries","Engineering & Construction","http://www.nasdaq.com/symbol/agx",
"ANET","Arista Networks, Inc.","66.39","4397975674.5","n/a","2014","Technology","Computer Communications Equipment","http://www.nasdaq.com/symbol/anet",
"AI","Arlington Asset Investment Corp","23.62","540002211.5","n/a","n/a","Finance","Finance/Investors Services","http://www.nasdaq.com/symbol/ai",
"AIC","Arlington Asset Investment Corp","25.15","0","n/a","2015","Finance","Finance/Investors Services","http://www.nasdaq.com/symbol/aic",
"AIW","Arlington Asset Investment Corp","25.02","0","n/a","n/a","Finance","Finance/Investors Services","http://www.nasdaq.com/symbol/aiw",
"AHH","Armada Hoffler Properties, Inc.","10.51","263604116.17","n/a","2013","Finance","Real Estate","http://www.nasdaq.com/symbol/ahh",
"ARR","ARMOUR Residential REIT, Inc.","3.16","1113505963.8","n/a","n/a","Consumer Services","Real Estate Investment Trusts","http://www.nasdaq.com/symbol/arr",
"ARR^A","ARMOUR Residential REIT, Inc.","24.85","0","n/a","n/a","n/a","n/a","http://www.nasdaq.com/symbol/arr^a",
"ARR^B","ARMOUR Residential REIT, Inc.","23.98","0","n/a","n/a","n/a","n/a","http://www.nasdaq.com/symbol/arr^b",
"AWI","Armstrong World Industries Inc","57.97","3195892418.73","n/a","n/a","Consumer Non-Durables","Plastic Products","http://www.nasdaq.com/symbol/awi",
"ARW","Arrow Electronics, Inc.","61.95","5927575664.85","n/a","n/a","Consumer Non-Durables","Electronic Components","http://www.nasdaq.com/symbol/arw",
"AJG","Arthur J. Gallagher & Co.","49.06","8180733217.36","n/a","n/a","Finance","Specialty Insurers","http://www.nasdaq.com/symbol/ajg",
"APAM","Artisan Partners Asset Management Inc.","46.2","1808043144.6","n/a","2013","Finance","Investment Managers","http://www.nasdaq.com/symbol/apam",
"ASA","ASA Gold and Precious Metals Limited","10.39","200422112.95","n/a","n/a","n/a","n/a","http://www.nasdaq.com/symbol/asa",
"ABG","Asbury Automotive Group Inc","87.79","2509503399.21","n/a","2002","Consumer Durables","Automotive Aftermarket","http://www.nasdaq.com/symbol/abg",
"AHP","Ashford Hospitality Prime, Inc.","16.18","388693741.82","n/a","2013","Consumer Services","Real Estate Investment Trusts","http://www.nasdaq.com/symbol/ahp",
"AHT","Ashford Hospitality Trust Inc","9.52","960478968.96","n/a","2003","Consumer Services","Real Estate Investment Trusts","http://www.nasdaq.com/symbol/aht",
"AHT^A","Ashford Hospitality Trust Inc","25.75","0","n/a","n/a","n/a","n/a","http://www.nasdaq.com/symbol/aht^a",
"AHT^D","Ashford Hospitality Trust Inc","25.67","0","n/a","n/a","n/a","n/a","http://www.nasdaq.com/symbol/aht^d",
"AHT^E","Ashford Hospitality Trust Inc","26.2","0","n/a","n/a","n/a","n/a","http://www.nasdaq.com/symbol/aht^e",
"ASH","Ashland Inc.","128.03","8867952627.38","n/a","n/a","Consumer Durables","Specialty Chemicals","http://www.nasdaq.com/symbol/ash",
"APB","Asia Pacific Fund, Inc. (The)","13.04","134886711.92","n/a","n/a","n/a","n/a","http://www.nasdaq.com/symbol/apb",
"GRR","Asia Tigers Fund, Inc. (The)","11.98","42289807.32","n/a","n/a","n/a","n/a","http://www.nasdaq.com/symbol/grr",
"ASPN","Aspen Aerogels, Inc.","6.78","155887610.94","n/a","2014","Consumer Services","RETAIL: Building Materials","http://www.nasdaq.com/symbol/aspn",
"AHL","Aspen Insurance Holdings Limited","47.77","2973648965.46","n/a","2003","Finance","Property-Casualty Insurers","http://www.nasdaq.com/symbol/ahl",
"AHL^A","Aspen Insurance Holdings Limited","26.27","0","n/a","n/a","n/a","n/a","http://www.nasdaq.com/symbol/ahl^a",
"AHL^B","Aspen Insurance Holdings Limited","26.65","0","n/a","n/a","n/a","n/a","http://www.nasdaq.com/symbol/ahl^b",
"AHL^C","Aspen Insurance Holdings Limited","26.11","0","n/a","n/a","n/a","n/a","http://www.nasdaq.com/symbol/ahl^c",
"ASB","Associated Banc-Corp","18.66","2838180887.16","n/a","n/a","Finance","Major Banks","http://www.nasdaq.com/symbol/asb",
"ASB^B","Associated Banc-Corp","27.12","0","n/a","n/a","n/a","n/a","http://www.nasdaq.com/symbol/asb^b",
"AEC","Associated Estates Realty Corporation","28.45","1642013684.95","n/a","n/a","Consumer Services","Real Estate Investment Trusts","http://www.nasdaq.com/symbol/aec",
"AIZ","Assurant, Inc.","60.09","4118458935.75","n/a","2004","Finance","Accident &Health Insurance","http://www.nasdaq.com/symbol/aiz",
"AGO","Assured Guaranty Ltd.","27.16","4193868324.24","n/a","2004","Finance","Property-Casualty Insurers","http://www.nasdaq.com/symbol/ago",
"AGO^B","Assured Guaranty Ltd.","25.75","0","n/a","n/a","n/a","n/a","http://www.nasdaq.com/symbol/ago^b",
"AGO^E","Assured Guaranty Ltd.","25.35","0","n/a","n/a","n/a","n/a","http://www.nasdaq.com/symbol/ago^e",
"AGO^F","Assured Guaranty Ltd.","25.02","0","n/a","n/a","n/a","n/a","http://www.nasdaq.com/symbol/ago^f",
"AF","Astoria Financial Corporation","13.05","1310179636.35","n/a","n/a","Finance","Savings Institutions","http://www.nasdaq.com/symbol/af",
"AF^C","Astoria Financial Corporation","25.5","0","n/a","n/a","n/a","n/a","http://www.nasdaq.com/symbol/af^c",
"AZN","Astrazeneca PLC","71.79","90681060235.02","n/a","n/a","Health Care","Major Pharmaceuticals","http://www.nasdaq.com/symbol/azn",
"T","AT&T Inc.","34.01","176517608680.53","n/a","n/a","Public Utilities","Telecommunications Equipment","http://www.nasdaq.com/symbol/t",
"ATTO","Atento S.A.","12.96","954108862.56","n/a","2014","Public Utilities","Telecommunications Equipment","http://www.nasdaq.com/symbol/atto",
"AT","Atlantic Power Corporation","3.07","372183983.76","n/a","n/a","Energy","Electric Utilities: Central","http://www.nasdaq.com/symbol/at",
"ATLS","Atlas Energy, L.P.","7.86","204444620.76","n/a","2015","Energy","Oil & Gas Production","http://www.nasdaq.com/symbol/atls",
"ARP","Atlas Resource Partners, L.P.","9.2","788059561.6","n/a","2005","Energy","Oil & Gas Production","http://www.nasdaq.com/symbol/arp",
"ARP^D","Atlas Resource Partners, L.P.","21.7","0","n/a","n/a","n/a","n/a","http://www.nasdaq.com/symbol/arp^d",
"ARP^E","Atlas Resource Partners, L.P.","25.35","0","n/a","n/a","n/a","n/a","http://www.nasdaq.com/symbol/arp^e",
"ATO","Atmos Energy Corporation","55.68","5615998999.68","n/a","n/a","Public Utilities","Oil/Gas Transmission","http://www.nasdaq.com/symbol/ato",
"ATW","Atwood Oceanics, Inc.","28.74","1857236280","n/a","n/a","Energy","Oil & Gas Production","http://www.nasdaq.com/symbol/atw",
"AUO","AU Optronics Corp","5.14","4946861986.54","n/a","2002","Technology","Semiconductors","http://www.nasdaq.com/symbol/auo",
"AUQ","AuRico Gold Inc.","3.43","964999986.72","n/a","n/a","Basic Industries","Precious Metals","http://www.nasdaq.com/symbol/auq",
"ATHM","Autohome Inc.","53.31","5896201309.53","n/a","2013","Technology","EDP Services","http://www.nasdaq.com/symbol/athm",
"ALV","Autoliv, Inc.","119.61","10562131745.55","n/a","n/a","Capital Goods","Auto Parts:O.E.M.","http://www.nasdaq.com/symbol/alv",
"AN","AutoNation, Inc.","64.8","7362990525.6","n/a","n/a","Consumer Durables","Automotive Aftermarket","http://www.nasdaq.com/symbol/an",
"AZO","AutoZone, Inc.","702","22269793104","n/a","n/a","Consumer Services","Other Specialty Stores","http://www.nasdaq.com/symbol/azo",
"AVB","AvalonBay Communities, Inc.","171.27","22616179008.39","n/a","n/a","Consumer Services","Real Estate Investment Trusts","http://www.nasdaq.com/symbol/avb",
"ACP","Avenue Income Credit Strategies Fund","15.3232","200336620.0704","n/a","2011","n/a","n/a","http://www.nasdaq.com/symbol/acp",
"AVY","Avery Dennison Corporation","51.91","4696108851.42","n/a","n/a","Consumer Durables","Containers/Packaging","http://www.nasdaq.com/symbol/avy",
"AVG","AVG Technologies N.V.","21.54","1112876356.26","n/a","2012","Technology","Computer Software: Prepackaged Software","http://www.nasdaq.com/symbol/avg",
"AVH","Avianca Holdings S.A.","12.66","0","n/a","2013","Transportation","Air Freight/Delivery Services","http://www.nasdaq.com/symbol/avh",
"AVA","Avista Corporation","34.08","2125161219.36","n/a","n/a","Public Utilities","Power Generation","http://www.nasdaq.com/symbol/ava",
"AV","Aviva plc","16.15","23825185270.5","n/a","n/a","Finance","Life Insurance","http://www.nasdaq.com/symbol/av",
"AVV","Aviva plc","27.84","0","n/a","2011","Finance","Life Insurance","http://www.nasdaq.com/symbol/avv",
"AVT","Avnet, Inc.","43.47","5928220554.48","n/a","n/a","Consumer Non-Durables","Electronic Components","http://www.nasdaq.com/symbol/avt",
"AVOL","Avolon Holdings Limited","22.26","1818221976.06","n/a","2014","Technology","Diversified Commercial Services","http://www.nasdaq.com/symbol/avol",
"AVP","Avon Products, Inc.","9.02","3919377128.92","n/a","n/a","Consumer Non-Durables","Package Goods/Cosmetics","http://www.nasdaq.com/symbol/avp",
"AVX","AVX Corporation","13.97","2351167247.11","n/a","n/a","Capital Goods","Electrical Products","http://www.nasdaq.com/symbol/avx",
"AXTA","Axalta Coating Systems Ltd.","31.16","7161169263.36","n/a","2014","Basic Industries","Paints/Coatings","http://www.nasdaq.com/symbol/axta",